"","component1","component2","Pseudotime","State"
"TCGTTCGAGCTACGTT-1",-3.96015374023274,-0.700062457127041,0.281872744521603,"1"
"AAGATAGAGCTGAGGT-1",-3.97929473327811,-0.609998769094637,0.31358487561937,"1"
"TGATTTCTCGTTCCGT-1",-3.27581627264365,-0.32098336614452,1.06549329019967,"1"
"ACAATCGGTGGGTAGT-1",-1.76533469960772,0.487358613828978,2.7770334595936,"1"
"TCCAGAAAGAGGAAGT-1",-3.99008699376965,-0.74919741584909,0.229724635435164,"1"
"CTTCCAGAGGCGTCCT-1",-4.1617803542939,-0.819331805810686,0.0451066988745849,"1"
"GGATAGGCAACCTCCT-1",-3.38759638134766,-0.434024359785151,0.91098036848911,"1"
"TGTAGCAGTTTCTACT-1",3.35786693176473,0.568142763844278,7.98073869091236,"1"
"CGGTGCAGTTGTGACT-1",-3.90567756725375,-0.735894962290721,0.309979550420811,"1"
"GGGACCTAGTCGGGAT-1",-2.08479444202398,0.317094272356322,2.41831364254555,"1"
"GTGCCAGGTCAGAAAT-1",-3.91568646206218,-0.73465861144784,0.3017126712552,"1"
"CTCAACCCACGCGTTG-1",-4.05648985994357,-0.760909463114258,0.166425049904828,"1"
"CAGCCTTTCATTCTTG-1",-3.73653836185856,-0.544855492008607,0.555447050812952,"1"
"CCCACATTCTTCCGTG-1",-2.39583677382773,0.21696041503057,2.09460729489347,"1"
"TTGTCTACATCGGCTG-1",-4.01002718744288,-0.680041930494579,0.249460863033846,"1"
"TGCACCTGTGAGTTGG-1",-4.05352953960549,-0.670000260706544,0.217152477024704,"1"
"GAGACTTTCTGTCGGG-1",-4.19978841243761,-0.843026710825423,0,"1"
"GATTGACAGTTAGCGG-1",0.460821326588032,1.16211154492014,5.07321227500208,"1"
"GCTCAGGAGCGTTAGG-1",-3.92399630570894,-0.658642084885002,0.335665323558369,"1"
"TGCACCTGTATGTTCG-1",2.54503929569651,0.799605975890772,7.1520190519967,"1"
"GGGTGTCTCGATCGCG-1",-2.08082515573689,0.359390022166341,2.43992004517545,"1"
"ACTGTCCAGGGAAGCG-1",-1.99632207557088,0.425006697695268,2.54261941926162,"1"
"AACCAACGTACAAGCG-1",-2.5182798180998,0.0902026208808399,1.92920593995851,"1"
"GTGATCATCCATAACG-1",-4.0560151804271,-0.68544666127549,0.206847524277552,"1"
"ACGTTAGCAAGCAACG-1",-4.09101528608239,-0.720741509720103,0.158051359154992,"1"
"TGGCGCAAGAGAGTAG-1",-0.985693754538428,0.759653860425179,3.60114944801363,"1"
"AGCCAGCCACTAGGAG-1",-3.90099361911606,-0.667206232291323,0.351143572741239,"1"
"ATCCTCGAGTGCACAG-1",4.7732399489823,-0.249885977688014,9.5935392408182,"1"
"GAACTTGAGGGCGAAG-1",-3.91340046458564,-0.718215159149046,0.312768853502593,"1"
"CGCAATATCCGGAAAG-1",-3.85161686124059,-0.778556509449067,0.334226785488812,"1"
"AACCAACCACGGTGTC-1",-4.16014335184699,-0.885670259722053,0.0115106520783517,"1"
"TTACCCGTCATCGCTC-1",-0.841097369507078,0.880713277800448,3.77100102122064,"1"
"CTCTACGCAAGGATGC-1",-4.04476407973803,-0.82152534791829,0.144419914103506,"1"
"CTAACTTTCGCGATGC-1",0.0888256298889601,1.03213333008999,4.70159261854868,"1"
"CTGTATTCAGTTCGGC-1",-1.66706011959014,0.436895843189354,2.85066613186338,"1"
"AGATAGATCGAGAAGC-1",-4.00056732089286,-0.819069653371531,0.183642294133325,"1"
"CTCTAGCTCTGTGTCC-1",-0.666159955522375,0.790693816890223,3.91515899428673,"1"
"TGCACCTAGTAACTCC-1",-3.0350062442939,-0.154068659310345,1.35730612377076,"1"
"GCCTAGGGTTTAAGCC-1",-2.96428555311363,-0.152506606982937,1.42087152381594,"1"
"GTGCTGGGTTTCACCC-1",-3.87644228835539,-0.884201077105616,0.256119908691138,"1"
"AGCCTCTCATACAACC-1",1.38051161472999,0.892376284627614,5.99679230364521,"1"
"TGAATCGGTTTGTGAC-1",-3.22727621136462,-0.24539349033282,1.1461298289679,"1"
"GGTACCGTCGCGTGAC-1",-3.90912765869449,-0.680692373968874,0.336901536943073,"1"
"GAGGTCCGTTAACCAC-1",4.6024016391167,-0.148866878525176,9.39671098248882,"1"
"CCCACATAGCAATAAC-1",5.46836175875178,-0.802867337511734,10.4798614095404,"1"
"TACTGCCTCCAACAAC-1",-1.78675025250681,0.47300640213028,2.75178199379446,"1"
"GCGATTAGTCTGTGTA-1",-4.05469969678485,-0.859878997664736,0.115429148308723,"1"
"GTGATCAGTTCACGTA-1",-3.93266211664896,-0.749120702917433,0.279353783085757,"1"
"TCAATTCCATCAGCTA-1",-3.8980016553746,-0.690878608961959,0.341102013504448,"1"
"TTACCGCTCCGATTGA-1",-2.34803314774858,0.170825309226167,2.11780777937449,"1"
"AGTGCGCTCTGTGTGA-1",-3.9814999285028,-0.753205492439183,0.235246634089431,"1"
"GTTATTCAGTCTGGGA-1",-4.12417928957164,-0.764390077895847,0.1061932509878,"1"
"ACTAGGTGTTCCGCGA-1",1.14590171193919,1.15591234194974,5.72176150126067,"1"
"TAGCCCTGTGCGTAGA-1",0.67507521095976,1.13159387579002,5.27458884050618,"1"
"CGGTGCAAGCCATTCA-1",-4.11155838121098,-0.952045272324414,0.0180904235240484,"1"
"TGGCAATAGCCTCGCA-1",-3.88856082027779,-0.746140743985921,0.319485948865394,"1"
"GCCTAGGAGATGCGCA-1",-0.217296732265804,1.00510653732385,4.40150717976526,"1"
"AAGATAGTCGGGTCCA-1",-4.04453869859781,-0.844605267583398,0.132334837377431,"1"
"GCCTACTCATAGTCCA-1",-2.73277330464121,0.0825841184544927,1.73517985864608,"1"
"AACAAAGTCCCTACCA-1",-2.36740955968763,0.18015383175819,2.10432113586101,"1"
"AGGCCCACACTACACA-1",-0.992396813483799,0.851258065844777,3.62434762903466,"1"
"GCTTTCGCATCCGTAA-1",-3.35250975424824,-0.298514598746267,1.01184666240814,"1"
"ATATTCCAGACGCCAA-1",-3.23632336859883,-0.214743475773334,1.1542518936473,"1"
"CTCAACCTCGTTGTTT-2",-2.73571815525645,0.00359227622066544,1.69614833265722,"1"
"TGAGTCAAGGTCGTTT-2",3.60367366467761,0.558694389193243,8.19722258364597,"1"
"GTTACTTTCGATCTTT-2",-0.824756634631888,0.897073164246096,3.79125640376823,"1"
"AACCGATTCGATCTTT-2",-0.201825955116059,1.06018275097758,4.42893683540958,"1"
"AAACTCGGTCCGCTTT-2",-4.03770380037893,-0.903547291451184,0.106807424873516,"1"
"GCGAGTCGTCAGTGTT-2",0.963753279047424,1.06108125387,5.56229561786637,"1"
"ATGCATGGTAGCTGTT-2",2.79731429269871,0.874321627140912,7.37388402539477,"1"
"CCGTAGGTCGGATGTT-2",5.53170441527649,-0.877553132560344,10.5756324648164,"1"
"GCATGATAGAGCGGTT-2",-0.364553227322959,1.02237934570821,4.26670043361042,"1"
"GTGTCCTGTGCTAGTT-2",4.1022251050468,0.191792259721862,8.79753263567376,"1"
"CCGTGAGGTGCTAGTT-2",0.31631262100072,1.17649759491625,4.9330986364137,"1"
"GCGGTGTGTCCAAGTT-2",3.64890557830122,0.411165158413785,8.30001308210394,"1"
"TTTGAGGGTCCAAGTT-2",4.0009883390422,0.211929226459198,8.70062873938168,"1"
"AGCTATGGTTTGTCTT-2",-2.02750851141773,0.435500590013137,2.5181364097649,"1"
"CCTGCTAGTTTGTCTT-2",-2.97470566072201,-0.0388802163608967,1.46298013303005,"1"
"TGCTATTTCTGATCTT-2",3.67436858823492,0.463042202158627,8.29904622635411,"1"
"TCAGTTTTCCACGCTT-2",-3.90629398722287,-0.703148567831566,0.327045679202335,"1"
"TAGGTCACATGCCCTT-2",-4.08785714541061,-0.821579707798013,0.107238595039748,"1"
"CGTTCCATCCATCATT-2",3.54060918097372,0.449062402322508,8.18796934781414,"1"
"GAAACAAAGCACCATT-2",-0.192481369620737,1.03552001613026,4.43267397371291,"1"
"GACCCAGGTGCATTGT-2",4.96723074020219,-0.309815699840384,9.78579531830191,"1"
"AACTTGGTCGATGTGT-2",3.37963190883257,0.628631651446348,7.97888400901321,"1"
"TCGATTTAGAAAGGGT-2",4.27704389828163,0.105069904116411,8.98936000629814,"1"
"CGCAGGTAGACACGGT-2",-3.12284138968964,-0.155282782533891,1.27948473413898,"1"
"GAAGAGCTCACTAGGT-2",0.448402788344532,1.10189006486962,5.05866246489192,"1"
"ACTATTCCAACGAGGT-2",0.663692999524224,1.00829027269765,5.27054017138663,"1"
"TTACCGCGTAGCAGGT-2",4.2940275046308,0.0939378839272498,9.00973431993837,"1"
"CCGTACTTCGTGGCGT-2",-3.88581138306515,-0.670691019824273,0.362314737186511,"1"
"TTTGAGGTCTGGGCGT-2",5.16912137580596,-0.823153800880756,10.2456414449122,"1"
"TGCGTAAAGATTCCGT-2",5.39863904738205,-0.776496726762722,10.4071342673184,"1"
"CAGTGCGTCAGGCCGT-2",-3.2271575402886,-0.169168486505854,1.1841793097912,"1"
"TGGTCAATCAACACGT-2",-2.01667521670152,0.4188817325108,2.52144302867155,"1"
"AGCTGATCAGATAAGT-2",3.59105887580222,0.533963191858841,8.19654262438916,"1"
"GGTCATAAGCGTATCT-2",-3.06689111671462,-0.0861232399684298,1.36096785975916,"1"
"CCTTGCACAATTGGCT-2",-4.00236942048109,-0.732763129169379,0.227820415501549,"1"
"CTCACCAAGGTAGGCT-2",2.87239243370543,0.744799427213139,7.4751090950008,"1"
"GCATTCCGTATCAGCT-2",-3.93372093389941,-0.646522971604609,0.333513301409088,"1"
"AAAGGATCAACCTCCT-2",1.74078132366471,0.976516875933739,6.33562536078923,"1"
"AACCAACTCTTGGCCT-2",5.35993638493918,-0.850361364063375,10.418183810539,"1"
"GCGATTACATGTCCCT-2",4.40186577813185,0.101251210096169,9.09467533145676,"1"
"TTGCTTACAGTAACCT-2",0.13468476401247,1.06665185667895,4.75084475834014,"1"
"TGCATTTAGTCGTACT-2",-0.943470251983351,0.880465201522729,3.67530405837983,"1"
"GTGGATTGTTTCTACT-2",-4.08329217684045,-0.765870066460338,0.14077106942717,"1"
"GTGACATGTTGTGACT-2",-4.05488329757543,-0.828534808169364,0.131888838493578,"1"
"CCTAAAGCACTCCACT-2",-4.05726344886153,-0.729448888030187,0.182364190181296,"1"
"TAAACCGAGTACCACT-2",5.25707754769404,-0.770217361745215,10.2872980742402,"1"
"TGATTTCTCCGCCTAT-2",0.92291098973882,1.09454804040632,5.51774582625882,"1"
"GACCTTCTCGGCATAT-2",-1.62707690863739,0.485430701966178,2.90517000596232,"1"
"CTGTTCGCAGGCAGAT-2",-0.289095073640241,0.998917791185246,4.33257231195891,"1"
"TTGCGGGCAATGCCAT-2",-3.20394155369075,-0.161856386156933,1.20801033428879,"1"
"CGCGCAAAGCGGACAT-2",-0.632741153878761,0.680777788195241,3.91994196592321,"1"
"ATCCCTGTCCTGGAAT-2",-0.414070589363986,0.914485481490091,4.19087928403209,"1"
"TATCTGTAGACACAAT-2",5.46961462091009,-0.774894333585573,10.4645169873257,"1"
"ATTGTCTAGTTCGTTG-2",-3.89270356822688,-0.685043353482376,0.348754364103764,"1"
"GGAACTTTCACCCTTG-2",5.49935717072591,-0.839768285531369,10.527019398134,"1"
"GTGCTGGTCACCCTTG-2",-2.57692988752729,0.0688060491736444,1.86708941864152,"1"
"GTGCTGGAGTAATGTG-2",3.93354342560397,0.318899625494788,8.59129684925652,"1"
"AGCCTTCCACCTGGTG-2",1.4787832751021,0.944965607772128,6.08450221565627,"1"
"ATCCCTGAGTATAGTG-2",5.45695979063924,-0.911442225984942,10.533787106175,"1"
"TAAACCGCAGTATCTG-2",-2.9472921292727,-0.0607340353029535,1.47768147342662,"1"
"TTGAGTGGTACCTATG-2",5.44338807146195,-0.843710891435419,10.4830876099464,"1"
"TGAATCGGTTCTGATG-2",-2.97676680336261,-0.128941065394768,1.42043729459206,"1"
"GCAGCTGTCTCAGATG-2",-3.93528101557819,-0.643842626483188,0.333672362110336,"1"
"GAGTGAGCAATCCATG-2",3.99289039003696,0.193634085507172,8.70264729788313,"1"
"ACCGAATAGTAACATG-2",5.65588594201085,-1.15394018394987,10.8369354604584,"1"
"GGGTGTCGTTCCAATG-2",5.6019395593551,-0.977663950007239,10.6910588466553,"1"
"ACAGACTAGGTGTTGG-2",5.48485735093846,-0.921931098596497,10.5628665598372,"1"
"TGCTCACTCTCCTTGG-2",3.44246897111969,0.482606845546737,8.08868675731987,"1"
"AACAGTCCATCCGTGG-2",0.55321676067345,1.19750497117852,5.15562727574645,"1"
"CTCAGAAGTACATGGG-2",5.38296884272135,-0.725809000171132,10.3649453892136,"1"
"TAGCACAAGGCAAGGG-2",-3.96726377338976,-0.740256765062721,0.254320358003676,"1"
"GCCATAATCCGTACGG-2",3.27755591583291,0.667493883630749,7.8822443877003,"1"
"ATCCTGCTCGGATAGG-2",5.39653580223793,-0.799930168199276,10.4190868320766,"1"
"CGAGTTAAGTAGGTCG-2",3.43372982244459,0.474037510339301,8.08392786205536,"1"
"CTGGGACGTGTCGTCG-2",2.45091828558905,0.930383183619628,7.0360234747999,"1"
"GAGAACGTCCTTTGCG-2",-2.94193693395217,-0.188851326189129,1.42425575731141,"1"
"GCTTTCGGTAAGTGCG-2",5.4661639813544,-0.851442053878326,10.5065515105834,"1"
"CCTTGGTCAGAATGCG-2",-4.15214415914675,-0.831991244795769,0.0467407053443755,"1"
"TCGATTTAGGTTGACG-2",0.337421038441116,1.12434775556963,4.95128848456294,"1"
"TAGCCGGAGGTACACG-2",3.34794445996403,0.553511755988053,7.97667133700625,"1"
"GTCTACCTCGACTTAG-2",0.194964643062462,1.0595869587367,4.8100489266158,"1"
"AACAGTCTCAAAGTAG-2",-0.170593544945179,1.04666158742942,4.45656367257217,"1"
"TTGCTATTCCATTGAG-2",-1.29383057603949,0.696740036445472,3.29159486652064,"1"
"GCCTAGGCAGTCAGAG-2",0.4746055600808,1.14008256131403,5.0863943281714,"1"
"GGAACCCCAGTCAGAG-2",4.7530523222958,-0.270219453949465,9.58803148870041,"1"
"GAGATTCGTTGCAGAG-2",-3.18701012717636,-0.244921621035969,1.18074758587969,"1"
"ACAATCGCACTCGCAG-2",5.25820219152656,-0.627074950078738,10.2052027501855,"1"
"TACTGCCAGCTAGCAG-2",0.939832449568148,1.15472297382018,5.52777766159103,"1"
"TCTCAGCGTGCAACAG-2",-1.37238365161909,0.701136038391019,3.22040596001459,"1"
"TCACTCGCAGCAACAG-2",5.24790466884364,-0.842079812242412,10.3213991319475,"1"
"CAACGTACAAAGGAAG-2",3.37375881184321,0.60197183262082,7.9832892482078,"1"
"CACAGATCATTTGTTC-2",5.58719462068218,-1.01765085004561,10.7021481987522,"1"
"CTCTAGCAGCTAGTTC-2",5.41197763181045,-0.912795377393186,10.4974978432246,"1"
"ATTTGTCGTGTCCTTC-2",3.36676827838849,0.559151707451838,7.9925430529953,"1"
"ACCGCAGAGGGTAGTC-2",0.163055632242465,1.17463720047094,4.79235212497034,"1"
"TGTAGCAGTGAGAGTC-2",0.159329656151266,1.17908049638557,4.78911724408929,"1"
"TTAACGGTCTCTTCTC-2",-0.0164641343114901,1.10223990141226,4.60816837515826,"1"
"CCCTAGTTCATCGCTC-2",-2.08041905624067,0.355453704290598,2.43854755708602,"1"
"GGGTGTCCAATGACTC-2",0.978333068926015,1.10633223793771,5.57170210968139,"1"
"TAATCGGCAGTAACTC-2",5.28480704493283,-0.680148124462046,10.2579395268351,"1"
"GTGTCAACAATGCATC-2",-1.30551142500521,0.684087926935194,3.2761669579711,"1"
"TTCTAACGTAACCATC-2",-1.88764035402595,0.442575534189106,2.64710855884733,"1"
"ATGGATCGTAGTTTGC-2",5.45260681099188,-0.724227971836289,10.4213271068036,"1"
"ATTCGTTGTGCTGTGC-2",-3.90774680868271,-0.734635585356693,0.308720622795814,"1"
"ACTAGGTCATTGATGC-2",5.51397694145157,-0.923537056464827,10.5877429517927,"1"
"AGCGATTCAAGGATGC-2",-3.94958834412401,-0.694186856260088,0.294029173133043,"1"
"TCCATCGCATATTGGC-2",3.76905224795282,0.21577490894395,8.49620139168989,"1"
"GTGATCATCAATTGGC-2",5.52076125245414,-0.942369973875117,10.6043041416063,"1"
"TATCGAGCAGTTCGGC-2",-1.36101861325605,0.342466408423414,3.10600340489066,"1"
"CAACGGCTCTATAGGC-2",-2.42803673903347,0.18461800966467,2.05189073794271,"1"
"CCTTAATAGGCTTCGC-2",-3.99619399519429,-0.731572355232158,0.234019512116505,"1"
"TCCCACAAGTTGCCGC-2",-0.129382613457882,1.09645437679021,4.49895909234803,"1"
"TTAACGGAGTTTACGC-2",-2.72885482186206,0.0458320286188741,1.72171299305169,"1"
"ATATTCCTCCAATAGC-2",5.47015571955018,-0.936547293673809,10.5591237630175,"1"
"AAATGCCTCCAATAGC-2",-3.96246028505526,-0.8747730040879,0.186907544296853,"1"
"TATGTGGAGATGTTCC-2",-0.203723366229496,1.06306110018606,4.42764359903718,"1"
"GACCTTCCAAGCGTCC-2",0.655483686795829,1.15362718003783,5.25355250431611,"1"
"ACCAAACTCGGGATCC-2",3.34279592552849,0.517901803122347,7.98517199421847,"1"
"TACATTCGTGTGTGCC-2",5.34412936433506,-1.00008972518984,10.4923194204511,"1"
"TCGATTTAGAAACGCC-2",0.430580774529794,1.15225020802102,5.04249317887209,"1"
"TAGGAGGGTCTGAGCC-2",0.570534779352595,1.17928431022582,5.17345347772154,"1"
"TTTACGTGTTGCAGCC-2",5.46433737926939,-0.823826390589884,10.4888176156633,"1"
"GCAGCCAAGAGCTCCC-2",2.29554273084387,0.88149724936467,6.89614608759095,"1"
"TAATCGGGTTCTACCC-2",-1.73093055293424,0.503975992416462,2.81441579251229,"1"
"TCACCTGAGTCATACC-2",5.37288394798801,-0.774564912266916,10.3848983749971,"1"
"GAAGAGCCATCTCACC-2",1.02522532780896,1.00497974356546,5.62828725550985,"1"
"GTGTCAAGTTTCCACC-2",1.06706211035006,1.0419519344061,5.6642520397994,"1"
"ATTGTCTGTTTCTTAC-2",5.26075699025242,-0.622456586045645,10.2045475609253,"1"
"GGAATCTCACGATTAC-2",-2.71267302380087,-0.124444571269685,1.65923200848056,"1"
"GAGATTCCACGATTAC-2",3.51358664245911,0.463018111447938,8.16186983653612,"1"
"TTAACGGCAAACCTAC-2",-3.79402231986227,-0.919225823874123,0.308512721556022,"1"
"TGCTCACGTCAACTAC-2",-3.95900629264097,-0.650902151164635,0.309137520041084,"1"
"GGTAGGATCAGTTGAC-2",5.27260868817636,-0.577271971111999,10.1880973278852,"1"
"GCGGGTTGTAGGTGAC-2",-3.88335662974592,-0.762745889460538,0.315117263776509,"1"
"TAGGTCAAGTCAGGAC-2",0.650039539616323,1.16334124940993,5.24745621867708,"1"
"AGGCGTCTCCTTCGAC-2",-0.981405627641843,0.809282326120099,3.62121192985946,"1"
"TTCATTGGTTATCGAC-2",-0.286829489552822,0.983204785923966,4.33079789688093,"1"
"GGTACCGGTGCAAGAC-2",-3.98486975869732,-0.757206731233708,0.230118780128993,"1"
"GACTAGTAGATCTCAC-2",-2.0136410693598,0.340928741099941,2.49268230888039,"1"
"ACAGACTGTTGGGAAC-2",5.24627364250598,-0.654704698997069,10.2114679254062,"1"
"ATCCAGAAGCTTCAAC-2",-3.96991965850777,-0.688564470602872,0.279518526853096,"1"
"CAGGGCTTCAGTCAAC-2",-3.22957107746634,-0.167351459366321,1.18292345806111,"1"
"CACTAAGTCCTGAAAC-2",5.56831746403736,-0.857085565169083,10.593903409254,"1"
"TGACTCCTCTCTGTTA-2",-1.70199363667409,0.524911885161432,2.84895843832686,"1"
"ATTCGTTTCTTCGTTA-2",5.284132113397,-0.740809073224765,10.2925247171153,"1"
"TTAACGGTCTTCGTTA-2",-0.255087305047911,1.07580769680456,4.38021260215882,"1"
"CGAGTTAAGTGAGTTA-2",5.45405763657552,-0.797880463774727,10.4651401080828,"1"
"GAGAACGGTGTGCTTA-2",-0.107884374436709,1.01847790812814,4.50732451400478,"1"
"GGACACCAGGCAATTA-2",5.34321424135913,-0.739801399314438,10.3404536288388,"1"
"AGTCCGGTCACTGGTA-2",-1.4214575457664,0.467646349744444,3.09221866136908,"1"
"TCACCACTCCCGGGTA-2",5.27631814079767,-0.68917008097106,10.2561265100793,"1"
"GTAGACTTCGCTGATA-2",3.49134170970585,0.609722986942586,8.08364532692209,"1"
"TCGAGCGTCGCTGATA-2",-1.23962820037845,0.68656892921604,3.33758828199853,"1"
"AGGCCCAGTCCATTGA-2",-2.78695908378594,-0.0283693106004165,1.63531811310999,"1"
"ACCATCCGTAATGTGA-2",5.31515783796331,-0.625308534279277,10.2509567850234,"1"
"GTCCATCTCCGGCTGA-2",0.645492353588655,1.12362607052512,5.2452187831199,"1"
"AATGTCGCACTTTGGA-2",0.260776335903048,1.12537850881368,4.87763139713373,"1"
"AACTGTGGTCACAGGA-2",-4.14296997102706,-0.931641297338249,0.00191048437800429,"1"
"AATGTCGGTTTAAGGA-2",-2.12254116483439,0.374535948194148,2.40825347252262,"1"
"CACAACAGTTCCGCGA-2",-4.09609958551474,-0.764735292178028,0.130228163506365,"1"
"TTGTTGTTCCCAGCGA-2",-0.869729653713292,0.833405780518964,3.73223572600599,"1"
"GGCGTTGGTTCTACGA-2",-2.33259365463565,0.165115709573088,2.12931844123597,"1"
"AGCGTATTCGTCTAGA-2",5.24920893689631,-0.863402557815669,10.3348391337539,"1"
"TTGAGCAGTCTAAAGA-2",5.45866950442974,-0.85371741490063,10.5016608238652,"1"
"GGGAACAGTCTAAAGA-2",-3.90354301028674,-0.745117679095548,0.306635829167841,"1"
"GACTAACGTGGAAAGA-2",-1.84375034550459,0.426830941279921,2.68207885541598,"1"
"AGACAAAGTTCTTTCA-2",2.10107736836707,0.883611580950706,6.70626958420235,"1"
"GACTAGTGTAGGGTCA-2",0.270748785575243,0.991335762299018,4.87695926466122,"1"
"AGTTACGGTGGCCTCA-2",-3.93645376137026,-0.785876440399035,0.256749108019339,"1"
"GTCACTCGTCATTGCA-2",5.11599999779277,-0.480499171848325,10.0044800118671,"1"
"TGCATTTGTAACTCCA-2",2.88687548578522,0.828811795862171,7.46464392714063,"1"
"CACTAAGCATTGCACA-2",-0.655075328984545,0.820520163864478,3.93375660639002,"1"
"GCGAGAAAGAGCCACA-2",-1.48358522546803,0.689688597614227,3.11039635013425,"1"
"TGAGTCAGTTACCACA-2",4.40809557305464,-0.0722552605479965,9.19239171424238,"1"
"CAGGGCTAGAGGAACA-2",-4.11679771146528,-0.841570255483196,0.0718735051717273,"1"
"TGCCTCACAATGGTAA-2",-2.71391959740898,-0.165413246044266,1.6397998815546,"1"
"CTCTCGACATCCGTAA-2",3.8708964744876,0.417152040011467,8.49167901577828,"1"
"GATGGCCTCGGTCTAA-2",-4.0029469536091,-0.78004473087703,0.202265664154176,"1"
"ATGTTTCCATCGCTAA-2",5.53115095781824,-0.853433424615023,10.5611136111479,"1"
"CAACGGCTCCATCGAA-2",-3.92465128967636,-0.657079844560649,0.336007646338672,"1"
"AACAGTCGTAATGCAA-2",-4.00473083600512,-0.725267350666028,0.229905293434415,"1"
"TAGGTCACAGAGCCAA-2",-3.35698526563484,-0.331450710936615,0.990701102935653,"1"
"GTTGGGCGTCAAACAA-2",5.42231599773933,-0.850659117678256,10.4697186175034,"1"
"TGACTCCCATCCCAAA-2",0.460635637969847,1.1895825567973,5.07404547279419,"1"
